id,revenue
3001,708180.1311
3002,3209397.034
3003,1971916.623
3004,26254577.7
3005,5244248.803
3006,2348006.467
3007,1074018.954
3008,20228422.33
3009,25559982.44
3010,95310351.89
3011,779223.632
3012,865932.6201
3013,33045755.77
3014,1592634.131
3015,26451358.96
3016,368829.1384
3017,49095327.2
3018,45503982.59
3019,1307371.699
3020,273978391
3021,39043567.91
3022,57053870.26
3023,205905.1199
3024,24284653.15
3025,824444.8042
3026,43291099.38
3027,5912667.436
3028,65973142.61
3029,1438063.541
3030,41292007.39
3031,30005802.88
3032,8856891.504
3033,323580.4453
3034,505780.5797
3035,1351403.192
3036,30158213.07
3037,42398589.54
3038,66585531.69
3039,18501666.06
3040,693935.7921
3041,15862327.58
3042,372211.3548
3043,11718178.84
3044,10209226.86
3045,132380478.2
3046,370221.9628
3047,2661701.229
3048,24061106.29
3049,1793032.809
3050,44326508.86
3051,288541.7229
3052,18568124.6
3053,141216.5435
3054,328506.2601
3055,31241730.76
3056,234527.6099
3057,47085742.85
3058,60679256.7
3059,206899.536
3060,31181830.56
3061,45343891.69
3062,5522886.308
3063,45262897.51
3064,19760225.31
3065,21296577.89
3066,38178069.8
3067,1812534.769
3068,34590179.01
3069,51478629.3
3070,451230.9426
3071,31479732
3072,268161835.4
3073,697686.705
3074,61415.21098
3075,46384829.69
3076,105793631.3
3077,30953856.45
3078,41796602.69
3079,32059214.98
3080,36405413.31
3081,36983602.71
3082,1653148.949
3083,12532210.37
3084,352022.7961
3085,24123768.8
3086,30085609.61
3087,372533.9003
3088,676679.2652
3089,613658.131
3090,24802545.92
3091,16291974.81
3092,1639397.82
3093,95424162.22
3094,41989384.57
3095,26183551.82
3096,1457450.157
3097,259799209.8
3098,21195073.56
3099,24653465.66
3100,2835890.095
3101,2685024.516
3102,14684819.48
3103,208146.9375
3104,116880.0852
3105,25517122.58
3106,18871934.29
3107,25063857.24
3108,19006166.23
3109,1622338.328
3110,127434964.2
3111,7183932.384
3112,946230.9546
3113,20386877.05
3114,46333702.08
3115,38848946.36
3116,9527859.09
3117,607055.9614
3118,1743278.021
3119,81535453.31
3120,88266282.27
3121,446380.9807
3122,21367514.79
3123,37971443.27
3124,1565167.838
3125,189979.7656
3126,25409594.31
3127,1345557.432
3128,28974186.26
3129,120574405.6
3130,10227216.07
3131,1384409.177
3132,3264717.442
3133,279258.6845
3134,2615316.301
3135,371771.3964
3136,6427839.166
3137,34171241.96
3138,1024585.313
3139,35055080.84
3140,85574699.68
3141,7548374.773
3142,219997.9029
3143,67720287.44
3144,14158528.87
3145,3022782.253
3146,2301238.138
3147,27978670.3
3148,2444953.643
3149,22275725.93
3150,27233598.01
3151,12925105.96
3152,19176839.17
3153,2870323.08
3154,17792209.72
3155,32311542.54
3156,18053455
3157,31489296.03
3158,106036411.1
3159,2306033.957
3160,9743681.748
3161,470389.46
3162,3280830.878
3163,33544806.24
3164,5972538.996
3165,615720.5401
3166,152472.4991
3167,32562463.71
3168,86604.06758
3169,4777354.138
3170,31840780.47
3171,4265883.616
3172,29656378
3173,1244891.208
3174,1139184.429
3175,1907541.537
3176,27991636.33
3177,37048996.85
3178,9746968.217
3179,11614450.53
3180,2155910.508
3181,3123750.323
3182,136146414.4
3183,21402662.09
3184,20287427.37
3185,21087330.22
3186,24495535.97
3187,2463658.985
3188,20036486.45
3189,42164058.02
3190,37530867.98
3191,30509858.84
3192,452195.7291
3193,253890079.5
3194,33426098.82
3195,109636.7794
3196,1705902.772
3197,7238294.039
3198,40704359.77
3199,65967111.25
3200,9864585.464
3201,9816569.56
3202,4636909.992
3203,104997.5603
3204,1011199.303
3205,501353.5495
3206,31391671.43
3207,47921692.13
3208,30693204.87
3209,2707457.248
3210,162507299.6
3211,218800.194
3212,69221829.97
3213,93014712.25
3214,12316186.11
3215,3827721.641
3216,13686298.24
3217,126197216
3218,1186760.043
3219,8213095.094
3220,130251891.2
3221,22801212.51
3222,1484579.866
3223,2344801.694
3224,319498.2553
3225,10240770.88
3226,18318976
3227,57826458.65
3228,29605053.61
3229,52002754.21
3230,29396287.52
3231,28197694.23
3232,42002508.78
3233,4906347.313
3234,12750036.34
3235,4163664.318
3236,3812824.125
3237,30575035.79
3238,13538622.74
3239,528176.3594
3240,117361236.4
3241,715971.807
3242,762593.2135
3243,1069632.422
3244,1069632.422
3245,21992540.32
3246,22318051.17
3247,35865357.36
3248,28487064.21
3249,17041369.12
3250,95136924.37
3251,411305.2426
3252,29145337.58
3253,50182481.2
3254,204900.418
3255,498185.893
3256,42529043.49
3257,29070047.58
3258,3923072.211
3259,32890167.2
3260,7442554.265
3261,194253436.8
3262,17986866.47
3263,93607.86518
3264,135982.4447
3265,68626.09636
3266,195818.0926
3267,45665023.76
3268,115691.2246
3269,38628234.26
3270,31773669.73
3271,1642268.868
3272,14154822.91
3273,22801473.64
3274,123933567.7
3275,37234488.33
3276,267165.633
3277,3181860.115
3278,40343462.27
3279,4041404.377
3280,52215578.08
3281,114452.3112
3282,3489619.185
3283,125137902.2
3284,32736452.18
3285,31790725.05
3286,918087.4591
3287,1610516.716
3288,16936124.68
3289,46505360.37
3290,83582243.52
3291,49250856.48
3292,120126586.8
3293,37011623.95
3294,16090526.05
3295,9313453.321
3296,1233645.117
3297,8283761.645
3298,42867901.96
3299,7604540.463
3300,24362930
3301,96504.67263
3302,2689027.714
3303,2369688.411
3304,10718067.15
3305,25055819.63
3306,2476018.857
3307,45297148.8
3308,5611944.849
3309,1139981.23
3310,12477598.45
3311,678971.4189
3312,3555088.687
3313,37551696.86
3314,1608727.091
3315,51257178.93
3316,20355251.49
3317,1511540.223
3318,791923.7947
3319,660144.8414
3320,16986096.66
3321,1527493.262
3322,996322.9195
3323,36186838.01
3324,3401629.588
3325,42365609.19
3326,45932911.31
3327,35079714.21
3328,11295888.25
3329,13402534.14
3330,37796043.52
3331,2231204.832
3332,30342982.81
3333,45246550.22
3334,4872340.202
3335,22368891.69
3336,16403714.28
3337,105587.073
3338,11877708.76
3339,746502.2144
3340,47807230.24
3341,22023550.8
3342,46418452.07
3343,48565891.67
3344,793552.0311
3345,1906615.739
3346,18164101.22
3347,279464.0323
3348,5650974.135
3349,54148618.38
3350,104493115.7
3351,45546446.71
3352,9891959.259
3353,35075453.52
3354,19066203.84
3355,147396.4998
3356,17719024.47
3357,372484.4398
3358,11460844.47
3359,29572133.66
3360,1264881.985
3361,60822966.54
3362,15352335.88
3363,17926699.1
3364,21106051.63
3365,1944319.372
3366,25949550.44
3367,53097510.41
3368,77554.40003
3369,42650255.62
3370,72810417
3371,33209055.4
3372,47743069.58
3373,59166103.94
3374,27010464.04
3375,39626067.17
3376,19456504.21
3377,1946201.846
3378,6807938.359
3379,73953305.44
3380,23670483.68
3381,1588942.328
3382,536372.6116
3383,1076021.108
3384,50569255.27
3385,49280994.59
3386,551692.255
3387,4532062.699
3388,46085751.56
3389,233287155
3390,1014655.328
3391,6280905.186
3392,2262147.021
3393,12944200.1
3394,56596484.91
3395,43778380.61
3396,1322323.653
3397,928696.1839
3398,121163898.3
3399,32916905.64
3400,10972224.84
3401,3244737.121
3402,257043.3558
3403,1956498928
3404,1443899.526
3405,15038068.33
3406,28800713.56
3407,41240359.05
3408,31216643.6
3409,898848.4576
3410,21164706.44
3411,46898383.81
3412,14844879.82
3413,11996677.69
3414,226437.2903
3415,34473909.43
3416,151589644.1
3417,30382863.77
3418,39881032.57
3419,60537905.69
3420,6606176.659
3421,23493435.26
3422,1131176.948
3423,139924960.8
3424,253236.2347
3425,7374676.601
3426,4320337.143
3427,18088297.77
3428,5132612.128
3429,32776318.08
3430,254845515.1
3431,461444.084
3432,17410524.54
3433,13294577.12
3434,16173863.27
3435,105083843.7
3436,48737668.52
3437,756575.9615
3438,11973830.36
3439,51002538.34
3440,19927448.64
3441,50914956.9
3442,873276.5611
3443,4506336.042
3444,250263.3234
3445,33003294.13
3446,169208.2964
3447,1276383.848
3448,53229052.56
3449,15679462.55
3450,34738604.96
3451,45764103.86
3452,25728578.83
3453,49953615.98
3454,12914825.68
3455,10282218.58
3456,42575623.31
3457,34049983.03
3458,41136727.09
3459,328565625.4
3460,33366639.37
3461,2098639.054
3462,14607023.48
3463,20587391.99
3464,497754.4252
3465,40105965.08
3466,34169122.93
3467,935912.7854
3468,57014030.28
3469,2249383.069
3470,134502.7266
3471,31218932.87
3472,670094.2615
3473,34791706.47
3474,37419529.17
3475,55748754.53
3476,301817.3253
3477,42464993.9
3478,710073.0333
3479,103446038.2
3480,13157912.67
3481,2812122.517
3482,1633488.017
3483,114234.0174
3484,701055.9357
3485,68159293.03
3486,67031534.34
3487,42970156.41
3488,82324734.02
3489,1043448.983
3490,20040999.43
3491,15453339.63
3492,2605285.814
3493,28237086.06
3494,1802839.244
3495,29477619.05
3496,944124.9416
3497,73427676.55
3498,1851802.386
3499,20458119.8
3500,771461.7071
3501,77270815.79
3502,34652599.96
3503,32689750.52
3504,29790489.31
3505,14663686.18
3506,50089470.65
3507,48936193.11
3508,1314088.569
3509,2810329.59
3510,32162366.63
3511,10726165.92
3512,70658711.49
3513,16028421.83
3514,30939034.95
3515,1403248.989
3516,3212828.127
3517,319350964.1
3518,33720150.69
3519,2560625.321
3520,221875.389
3521,408231.3612
3522,20446430.51
3523,4017938.403
3524,55746327.89
3525,42865295.63
3526,7439481.794
3527,2567675.45
3528,1479316.365
3529,134412196.1
3530,11848779.26
3531,75981895.92
3532,42340399.13
3533,16786150.18
3534,39359935.16
3535,90156379.73
3536,15195050.02
3537,52671262.81
3538,42906778.89
3539,30734414.73
3540,16134113.23
3541,25863504.32
3542,13063771.78
3543,196176.0666
3544,19055071.94
3545,517064.9411
3546,1881850.611
3547,36233147.88
3548,78242157.7
3549,3987251.302
3550,70773578.36
3551,57439712.89
3552,49265813.41
3553,83837784.42
3554,51923373.61
3555,28445466.05
3556,88811870.83
3557,12985319.56
3558,39166699.6
3559,59044648.54
3560,344420.9428
3561,33379199.13
3562,15106377.62
3563,12959916.29
3564,226405.5565
3565,3177018.622
3566,30426815.92
3567,29578429.07
3568,3803016.666
3569,51067786.74
3570,415375.1348
3571,18508738.83
3572,37820825.01
3573,1086370.744
3574,12858692.16
3575,14469569.85
3576,20517865.13
3577,1188716.459
3578,61636786.22
3579,27621403.77
3580,4158480.177
3581,51513716.64
3582,55021320.42
3583,1169403.302
3584,15872540.29
3585,42425384.99
3586,32592993.53
3587,2760324.072
3588,7429491.529
3589,20006511.13
3590,5177884.757
3591,58760007.14
3592,177682.4119
3593,425855.3807
3594,1709027.899
3595,12588921.42
3596,21755338.37
3597,1104726.298
3598,36942128.95
3599,8996753.263
3600,7489105.06
3601,232150.504
3602,6236960.017
3603,23010886.19
3604,3212089.29
3605,23707700.11
3606,3022458.388
3607,49884438.9
3608,38443219.75
3609,570146.2395
3610,26663887.39
3611,87693.17406
3612,8835078.598
3613,3414399.648
3614,43055760.69
3615,47561277.41
3616,1842998.803
3617,29197516.87
3618,26093132.36
3619,275019.4492
3620,44385171.19
3621,71420221.67
3622,221617852.7
3623,30041089.11
3624,258576.1483
3625,339248.4954
3626,22790511.48
3627,51573170.38
3628,371308545.4
3629,11712097.88
3630,213659.0607
3631,42693708.13
3632,2051362.577
3633,24978929.99
3634,157448.9427
3635,10490340.79
3636,20541298
3637,1075530.874
3638,22602725.56
3639,23099902.76
3640,81946195.88
3641,3763639.319
3642,2313903.722
3643,20451762.31
3644,17631666.4
3645,15780195.27
3646,42274118.56
3647,58744979.82
3648,3709255.028
3649,16112935.53
3650,37743790.26
3651,60501621.73
3652,1492243.144
3653,87307457.24
3654,3362571.795
3655,27781250.09
3656,2667558.819
3657,528415.8361
3658,382281.8829
3659,32167267.97
3660,97895331.62
3661,19246604.22
3662,18652098.28
3663,94506558.97
3664,113147.5527
3665,435037.2858
3666,10826893.53
3667,51088245.24
3668,30948802.89
3669,2868663.695
3670,4566610.123
3671,1362911.536
3672,917263.4536
3673,76389516.21
3674,23567751.8
3675,83863094.21
3676,27147293.78
3677,15986177.54
3678,34654797.03
3679,6703686.017
3680,1192059.765
3681,4709856.585
3682,28485231.22
3683,2887557.862
3684,37380568.32
3685,33040655.37
3686,18357218.92
3687,25757998.48
3688,610186.6398
3689,301000.0253
3690,22944983.78
3691,8299842.459
3692,144342.0219
3693,69984838.79
3694,75445204.71
3695,46757377.2
3696,23774818.5
3697,28146132.82
3698,36656233.96
3699,28165713.66
3700,337920.9334
3701,16755913.84
3702,652366.3203
3703,47920710.94
3704,80268538.9
3705,9614216.581
3706,86356665.05
3707,3183468.845
3708,8922607.548
3709,68500107.55
3710,3727068.383
3711,215546.598
3712,19041587.91
3713,46964968.16
3714,1076217.673
3715,30518599.89
3716,5455486.62
3717,101935.4487
3718,331966.5961
3719,51420702.56
3720,1051498.758
3721,1302418.501
3722,43191814.57
3723,1108522.714
3724,14424378.54
3725,3167720.002
3726,14611185.68
3727,20340287.88
3728,31487689.13
3729,16429144.12
3730,40904227.62
3731,42474812.88
3732,215960.9728
3733,60172161.97
3734,71563842.51
3735,15338225.93
3736,16610012.35
3737,1056152.078
3738,883910.7791
3739,11600695.36
3740,38527335.01
3741,5349375.237
3742,48681136.53
3743,21612881.08
3744,60813528.63
3745,44322219.29
3746,58786314.34
3747,1275366.156
3748,15203821.09
3749,988683.5579
3750,200422.5225
3751,22555826.86
3752,1419342.048
3753,2060279.459
3754,24083872.28
3755,48193433.28
3756,3772843.685
3757,67370612.18
3758,67885608.32
3759,7079305.331
3760,63646075.8
3761,72117833.78
3762,87854159.58
3763,8975713.875
3764,25562674.96
3765,1168180.768
3766,15634971.55
3767,13032319.18
3768,16149423.72
3769,229171.7545
3770,2530473.682
3771,38187439.51
3772,2251520.914
3773,29541960.12
3774,11781528.68
3775,96775100.19
3776,37078692.31
3777,1594983.234
3778,147198.2386
3779,3016008.322
3780,941176.0352
3781,16960052.77
3782,946935.1579
3783,15551215.01
3784,8570516.441
3785,65004569.62
3786,17004278.74
3787,67945866.86
3788,2908928438
3789,1396782.851
3790,620747.0247
3791,10828919.99
3792,254753.2664
3793,293729.508
3794,1293064.82
3795,829839987.5
3796,17386679.5
3797,37387464.17
3798,15168510.5
3799,1283196.14
3800,1028503.512
3801,31153487.49
3802,922432.4156
3803,6862622.19
3804,86838.03095
3805,102599.9701
3806,56885732.83
3807,1140320.621
3808,7053467.74
3809,26169193.77
3810,2497857.918
3811,2821747.085
3812,12085541.04
3813,504984.8472
3814,732598.5099
3815,199676114.2
3816,24695143.4
3817,289197911.5
3818,36656105.26
3819,66421379.91
3820,77671737.71
3821,72877682.12
3822,3682051.937
3823,3074129.723
3824,9012325.668
3825,2121937.985
3826,89370009.94
3827,18328607.2
3828,10689542.53
3829,60553.42943
3830,26534026.97
3831,76894.22879
3832,80931258.32
3833,18492954.83
3834,3502833.464
3835,6895854.391
3836,2796312.54
3837,23548861.15
3838,209481966.3
3839,2828912.009
3840,14022206.56
3841,18649331.99
3842,20567464.63
3843,30128791.11
3844,136690.4719
3845,742045.312
3846,542659.603
3847,993010.1339
3848,1247296.182
3849,51606569.89
3850,33089369.91
3851,38479551.03
3852,1799064.562
3853,32981105.43
3854,196025.725
3855,195435.6647
3856,1903189.981
3857,475922707.2
3858,165421.7314
3859,1843933.188
3860,29684285.23
3861,34519442.57
3862,26134528.82
3863,47251705.33
3864,95415477.69
3865,69688118.23
3866,10201521.9
3867,21025291.8
3868,26264674.63
3869,39799504
3870,50201901.13
3871,455071584.7
3872,23692752.45
3873,33936500.13
3874,586509.7467
3875,68069663.22
3876,392648.0787
3877,34104684.88
3878,84793983.05
3879,93729279.84
3880,6946731.302
3881,106180.3859
3882,701273.4201
3883,1792682.764
3884,2706105.147
3885,12441042.25
3886,22732966.09
3887,21876031.92
3888,7360182.43
3889,252193254.6
3890,59016412.57
3891,6722350.187
3892,1712184.95
3893,63051388.33
3894,45157860.42
3895,25825410.59
3896,26707248.6
3897,959344.1713
3898,18319464.39
3899,457100656.4
3900,43753724.6
3901,1114104.184
3902,96699.79086
3903,1687804.029
3904,8949542.207
3905,24652870.95
3906,41079389.39
3907,1168627.194
3908,1205187.48
3909,791018.5722
3910,19456698.76
3911,837622.2209
3912,8476277.322
3913,52685819.06
3914,22951136.54
3915,111779209.2
3916,202922.5308
3917,1754280.331
3918,6429715.233
3919,62274340.52
3920,12709050.29
3921,350189.8727
3922,9752205.726
3923,26081375.29
3924,30645863.09
3925,71988272.17
3926,1014189.021
3927,57452476.39
3928,38586111.11
3929,18288973.59
3930,476633.7242
3931,8426208.216
3932,1761670.651
3933,19868389.62
3934,37800767.77
3935,209485.4426
3936,207833.3085
3937,75233936.93
3938,7170807.893
3939,19192005.3
3940,1744414.53
3941,26818656.76
3942,60585927.04
3943,376131394
3944,1193729.605
3945,42416957.78
3946,345163.7742
3947,26533521.01
3948,8415217.312
3949,1423604.969
3950,2000189.15
3951,9933509.878
3952,29173010.24
3953,24855035.5
3954,92193699.76
3955,2675611.53
3956,29485124.84
3957,2000140.076
3958,11209895.68
3959,7909616.545
3960,174250.6622
3961,26849403.04
3962,1780021.388
3963,28178132.62
3964,147752651.9
3965,43729928.54
3966,50175790.22
3967,91263726.57
3968,23777448.29
3969,2671945.452
3970,19285189.93
3971,10840466.06
3972,2397259.696
3973,38676655.92
3974,154432.9723
3975,80930746.3
3976,24048464.43
3977,48100937.76
3978,66941317.47
3979,254738.0423
3980,1026530.852
3981,6230881.452
3982,19852715.59
3983,17608111.38
3984,109026998.2
3985,2381371.683
3986,299942961.5
3987,17280154.11
3988,7409240.867
3989,32333863
3990,34944540.93
3991,808107.6394
3992,238241.5383
3993,4737012.104
3994,26535300.85
3995,19745740.53
3996,64686913.18
3997,17074123.77
3998,27885314.88
3999,2402265.943
4000,21567494.35
4001,13105909.2
4002,64106633.99
4003,201003.4761
4004,34920033.44
4005,764787.2432
4006,29831453.52
4007,153550.552
4008,8288613.169
4009,28248277.48
4010,127780.7718
4011,19653160.85
4012,75867649.34
4013,45277096.4
4014,429743.4909
4015,31634577.4
4016,22472627.51
4017,14586365.35
4018,46526179.16
4019,151384045.6
4020,1076952.225
4021,32009515.57
4022,2976996.197
4023,80069308.71
4024,3499588.114
4025,779004.079
4026,51577432.15
4027,34057348.22
4028,5018416.978
4029,86240.76243
4030,24870681.16
4031,32364181.98
4032,474203.3485
4033,240562.7685
4034,1102113.443
4035,57517675.44
4036,690307.6399
4037,2858052.703
4038,11492099.36
4039,1702509.284
4040,7056685.578
4041,492838.3161
4042,30610749
4043,2635218.441
4044,40030332.01
4045,97430418.34
4046,24394950.65
4047,105327318.8
4048,24362966.2
4049,624948.3093
4050,1099777.619
4051,121385529.8
4052,21767872.01
4053,1379223.732
4054,981398.444
4055,9451432.168
4056,13748965.82
4057,132767.5079
4058,41255627.84
4059,3846789.216
4060,30381544.85
4061,71273164.83
4062,26308836.48
4063,32191854.18
4064,2945669.945
4065,47030006.51
4066,1471371.137
4067,34889919.95
4068,1839212.599
4069,17563058.34
4070,27701695.36
4071,1197709.385
4072,1425285.577
4073,74556654.87
4074,74905.9161
4075,34511139.6
4076,29266348.11
4077,291273405
4078,9325747.355
4079,50282953.33
4080,711761.3934
4081,558654.1915
4082,76135914.67
4083,57275986.38
4084,98381.84474
4085,14317702.54
4086,66001089.93
4087,5140173.613
4088,24731683.39
4089,23040389.69
4090,3448086.342
4091,45733151.77
4092,32686909.59
4093,26540426.95
4094,11750522.79
4095,106054082.2
4096,3609735.223
4097,29779629.01
4098,12538274.69
4099,5714505.969
4100,57469400.67
4101,19695705.06
4102,4273951
4103,32118578.65
4104,2020131.431
4105,63892.8978
4106,1076925.394
4107,203108.3242
4108,16185053.86
4109,173259.8431
4110,16127330.3
4111,1915532.552
4112,23636899.34
4113,9456758.5
4114,249807961.4
4115,3589314.354
4116,13683309.82
4117,4877873.271
4118,42214929.79
4119,16013880.59
4120,527819.0279
4121,2880852.008
4122,39031097.09
4123,743507.4673
4124,25173834.69
4125,17890452.06
4126,4729149.476
4127,480854.5484
4128,1147256.655
4129,323460.1893
4130,2015927.911
4131,34859867.47
4132,39009843.96
4133,22255801.63
4134,12110344.89
4135,11874966.65
4136,217732917.7
4137,7572200.618
4138,31466019.8
4139,9800253.444
4140,2933532.171
4141,18216599.49
4142,36076729.59
4143,19906354.75
4144,2615866.967
4145,48264723.55
4146,10058821.84
4147,524600.0404
4148,40163978.42
4149,9763312.17
4150,671925.2895
4151,166138.684
4152,22545268.5
4153,39947064.7
4154,5051579.133
4155,14911724.43
4156,15123664.58
4157,3429189.533
4158,9488196.186
4159,39602479.95
4160,155439590.2
4161,3685002.853
4162,27334724.09
4163,52209569.65
4164,15648231.35
4165,1140140.21
4166,1862679.073
4167,22378778.06
4168,17023928.02
4169,258061.4744
4170,1471050.021
4171,67159117.56
4172,22965818.3
4173,13131177.42
4174,15512387.1
4175,4070095.212
4176,9729603.502
4177,84909.46358
4178,158024424.6
4179,1294600.285
4180,25275731.76
4181,20550307.24
4182,3276251.757
4183,38607499.36
4184,19794588.54
4185,4975344.635
4186,2152225.985
4187,17818617.25
4188,10017485.9
4189,290669.7699
4190,65190.46146
4191,541020.0327
4192,408304.0561
4193,48221191.61
4194,68328118.94
4195,1640254.221
4196,2812130.002
4197,15689056.33
4198,1048738.917
4199,9849192.359
4200,28921850.19
4201,46705954.51
4202,16599515.53
4203,32743899.8
4204,50057237.64
4205,1222815.824
4206,36946405.61
4207,120336404.7
4208,169636707.3
4209,70437397.73
4210,37377266.5
4211,21843526.18
4212,108950974.6
4213,1521722.668
4214,21412823.37
4215,1175083.169
4216,1869024.934
4217,709360.5165
4218,23575544.25
4219,10938075.81
4220,21900336.05
4221,268763.5778
4222,25541.44444
4223,35575856.61
4224,1218618.862
4225,26749592.33
4226,16574786.2
4227,32897215.11
4228,80897.56264
4229,39335416.62
4230,17417023.2
4231,6572979.835
4232,2130453.434
4233,27522943.18
4234,83815175.28
4235,4384428.305
4236,946616.4779
4237,1879502.626
4238,26040814.89
4239,97331018.45
4240,116672872.8
4241,72258316.51
4242,8335684.347
4243,256339.4873
4244,22249067.56
4245,863735.9819
4246,1157703.401
4247,31300695
4248,12700749.46
4249,18106184.37
4250,20681375.6
4251,445701.5827
4252,55576665.61
4253,57377676.53
4254,51554424.69
4255,66091226.63
4256,91915772.28
4257,29817670.37
4258,13747240.36
4259,850029.3192
4260,64385449.39
4261,22341961.34
4262,818535.0076
4263,2758893.095
4264,80235362.44
4265,3029963.201
4266,3742037.239
4267,19243909.96
4268,15584425.33
4269,14449791.59
4270,106700380.1
4271,14776881.5
4272,98198.60972
4273,1508745.787
4274,36235416.15
4275,2095871.881
4276,14365267.98
4277,43329605.86
4278,1485387.106
4279,48399532.6
4280,246608.5878
4281,261028.8629
4282,59850993.02
4283,88937.48757
4284,2895651.948
4285,97216.0079
4286,92149363.19
4287,15816758.54
4288,32387841.12
4289,30119800.24
4290,36392637.32
4291,854699.7162
4292,948795.5303
4293,18098109.78
4294,55787385.14
4295,49111068.44
4296,47791964.34
4297,4325782.214
4298,545153.3848
4299,19413595.91
4300,31839637.62
4301,1346708.984
4302,1205958.316
4303,14509005.12
4304,25589560.71
4305,52987936.24
4306,22817694.73
4307,202733.7548
4308,97168.23719
4309,32246273.67
4310,177906.1189
4311,163532.2414
4312,33544506.81
4313,98193616.12
4314,1230364.873
4315,75888220.46
4316,105121071.1
4317,167590.8497
4318,29653498.87
4319,166830.085
4320,3560660.349
4321,22171412.1
4322,3537929.843
4323,3612869.204
4324,3099020.469
4325,6477459.516
4326,2146640.706
4327,82872473.71
4328,2899340.789
4329,87223.95196
4330,482799956.9
4331,44685780.87
4332,28436470.34
4333,934615.9399
4334,72654992
4335,40987205.05
4336,24129767.48
4337,193236.7871
4338,82057428.77
4339,52864155.35
4340,21352413.98
4341,22489600.12
4342,9713246.162
4343,20451002.96
4344,1110167.184
4345,181412.806
4346,24538254.49
4347,34860533.17
4348,311735.2953
4349,70665024.03
4350,6018879.202
4351,168250656.2
4352,1744070.508
4353,78357442.38
4354,22728602.57
4355,30884088.05
4356,2126783.839
4357,188213287.6
4358,13764662.49
4359,34437280.91
4360,28077016.66
4361,25187558.14
4362,7767865.882
4363,29713916.9
4364,55588805.51
4365,501227.8253
4366,37876516.4
4367,56142704.57
4368,69892789.89
4369,16748929.23
4370,24809528.47
4371,82164038.75
4372,18161634.03
4373,2633491.571
4374,37512281.21
4375,476840.1111
4376,57595.32797
4377,1744790.184
4378,26405915.93
4379,86893483.84
4380,58544096.62
4381,31010011.57
4382,5690699.981
4383,65040442.42
4384,16273593.15
4385,164178.7367
4386,9377699.904
4387,67494211.94
4388,48176470.81
4389,53891527.01
4390,8189358.865
4391,2182740.01
4392,40785351.5
4393,63524026.43
4394,28475230.62
4395,2451963.705
4396,21564114.64
4397,3982995.442
4398,45095259.48
4399,2651025.38
4400,5993610.196
4401,4348689.071
4402,23095295.75
4403,18428225.73
4404,41411122.94
4405,35020008.24
4406,494908.2775
4407,4568121.401
4408,947478.9542
4409,112384.1845
4410,9549019.609
4411,8737330.48
4412,29634961.56
4413,51816530.14
4414,233252.5052
4415,3463641.273
4416,814442.8617
4417,127603455.4
4418,213681.2362
4419,11103808.71
4420,938823147.8
4421,1344838.314
4422,1808769.831
4423,1499201.017
4424,336007.222
4425,58439946.03
4426,10866145.9
4427,47090179.45
4428,4732311.821
4429,831463.139
4430,413507.5484
4431,138345.4683
4432,80117307
4433,37001256.88
4434,56213539.33
4435,18305400.45
4436,35570138.3
4437,1293967.035
4438,421520.4731
4439,19729263.47
4440,10833822.92
4441,39309916.35
4442,1697111.088
4443,80499.58931
4444,350917.5623
4445,3184103.474
4446,864032.0424
4447,28600999.21
4448,4868828.583
4449,456372.852
4450,34794178.15
4451,173352738.2
4452,24422520.35
4453,654777.4064
4454,77463.5342
4455,269178.6666
4456,20826980.64
4457,1995146.604
4458,225899.0708
4459,51853328.54
4460,3789111.233
4461,55500414.93
4462,64231655.73
4463,6895278.682
4464,28364843.96
4465,13563852.04
4466,177159.6492
4467,33573485.8
4468,759347.4797
4469,52790315.88
4470,19447029.08
4471,182519.9391
4472,47260076.34
4473,2807460.078
4474,3045707.333
4475,1847887.67
4476,80001.21742
4477,28401166.81
4478,2023160.906
4479,9754624.325
4480,83115418.06
4481,9339262.529
4482,2461489.994
4483,10441249.45
4484,393906.1211
4485,15239828.93
4486,32580922.95
4487,14809281.82
4488,23149703.42
4489,39919678.67
4490,39919678.67
4491,54485481.56
4492,6165539.841
4493,1828393.723
4494,14323987.59
4495,21639204.5
4496,21014240.58
4497,1362354.24
4498,26525861.99
4499,757000.4232
4500,92967162.5
4501,28976997.8
4502,12224694.74
4503,111122852.9
4504,863845.8259
4505,1293356.352
4506,51513108.51
4507,4327514.119
4508,1319054.207
4509,816174.8202
4510,4505392.779
4511,64165787.64
4512,74293.89994
4513,19876885.79
4514,12211834.85
4515,37620258.32
4516,11209610.29
4517,7951923.631
4518,39061980.5
4519,54214882.33
4520,8106663.4
4521,18156252.19
4522,50328565.85
4523,41889378.78
4524,451741.0539
4525,3561047.536
4526,834370.0248
4527,42364130.1
4528,1367981.349
4529,1211662.34
4530,18751671.62
4531,10579925.11
4532,15604795.46
4533,23315094.21
4534,6736255.269
4535,28547296.29
4536,12328364.7
4537,4059777.477
4538,23420574.23
4539,192644.4202
4540,36902505.8
4541,13618553.31
4542,72325152.29
4543,36072758.49
4544,872123.4401
4545,1131444.097
4546,377692.4015
4547,4871485.873
4548,3494543.206
4549,1068116.299
4550,1409292.135
4551,284726588.6
4552,77575919.57
4553,11250959.07
4554,159902907.4
4555,6396432.71
4556,22560601.82
4557,2641942.329
4558,30927474.94
4559,53297084.18
4560,57277897.47
4561,38418509.49
4562,650420.8913
4563,218204473.9
4564,606930.0774
4565,148317.7072
4566,20793111.18
4567,57449442.35
4568,1141642.05
4569,10177142.58
4570,30222683.95
4571,1705246.438
4572,18654553.58
4573,39118919.55
4574,133981.4748
4575,971895.918
4576,21070213.39
4577,1351170.29
4578,21519782.37
4579,2310340.597
4580,30389013.41
4581,4388019.452
4582,24254434.39
4583,33000613.94
4584,3697157.718
4585,40395184.4
4586,2251250.805
4587,1691376.22
4588,69086989.1
4589,1711023.118
4590,3425224870
4591,57739766.76
4592,427484.3142
4593,579387.6595
4594,18184944.32
4595,62627305.68
4596,55172925.61
4597,26387909.01
4598,48494181.72
4599,29493772.87
4600,522646.0514
4601,21421108.3
4602,34747185.89
4603,13493934.24
4604,15769387.97
4605,50406965.61
4606,60257601.35
4607,36961308.06
4608,2000356.389
4609,13837432.96
4610,77910639.25
4611,112872153.5
4612,30632500.66
4613,15519412.65
4614,3294131.421
4615,10303507.91
4616,1574157.681
4617,31794985.36
4618,264573.5108
4619,24983985.71
4620,3141109.706
4621,117290536.6
4622,3858293.216
4623,13264140.36
4624,271506.4837
4625,26973716.99
4626,22579025.19
4627,17496177.25
4628,2968650.408
4629,233517.2664
4630,28329487.59
4631,6128737.995
4632,11949079.08
4633,11949079.08
4634,186507.7239
4635,576277.7065
4636,40932708.44
4637,272307.4856
4638,21058636.6
4639,102847.9122
4640,32920101.23
4641,3338592.754
4642,11549603.42
4643,15991553.6
4644,7133489.853
4645,692796.3392
4646,313832003.4
4647,415047.0335
4648,573779.4035
4649,34164841.06
4650,53909845.01
4651,76781727.44
4652,288287468.1
4653,147820.584
4654,43392647.47
4655,57655241.66
4656,18459907.2
4657,3144107.318
4658,41006937.86
4659,850778.395
4660,16313294.82
4661,22853813.54
4662,1211349.617
4663,2733040.06
4664,10271828.83
4665,18066125.52
4666,37481999.41
4667,100029874.6
4668,192210.6148
4669,2249538.731
4670,46120766.56
4671,19003297.01
4672,445315.6903
4673,6030268.492
4674,3767785.476
4675,13801358.49
4676,899876.0757
4677,82094.44921
4678,9049470.759
4679,133138.6768
4680,840631.5222
4681,18413278.62
4682,471113.7581
4683,214304.4489
4684,957905.7191
4685,34795771.74
4686,6197854.846
4687,22699572.85
4688,36434885.32
4689,1476174.163
4690,2116022.137
4691,30865289.81
4692,1821723.675
4693,16569703.53
4694,1342296.103
4695,24746638.76
4696,2961173.948
4697,25969821.7
4698,548971.0739
4699,3867761.31
4700,38905780.05
4701,62779517.68
4702,26302515.22
4703,25057073.59
4704,41816696.13
4705,48367677.25
4706,30100601.97
4707,2383864.681
4708,13427316.67
4709,229587.9704
4710,54060916.79
4711,33466543.63
4712,3915818.316
4713,62582809.44
4714,2706537.795
4715,124332.1293
4716,1007136.157
4717,17576784.41
4718,25369262.63
4719,7705715.063
4720,2107358.572
4721,1604721.625
4722,41336610.25
4723,7724218.186
4724,46360117.9
4725,12809454.96
4726,577560.8724
4727,16784827.32
4728,41122276.24
4729,41672315.69
4730,160648.7234
4731,28830239.71
4732,181230676.3
4733,225436.1055
4734,107639848.3
4735,23226164.98
4736,1496804.084
4737,22586753.89
4738,310485.1099
4739,60759709.58
4740,89058602.32
4741,271773.4458
4742,40615436.69
4743,80906.4955
4744,321105.2008
4745,135583126.4
4746,33025182.66
4747,12482714.11
4748,33088598.83
4749,4028015.96
4750,3765476.039
4751,74338198.65
4752,2372324.843
4753,12352968
4754,137202245.3
4755,2418447.761
4756,25740883.71
4757,38463080.51
4758,74842531.26
4759,115954636.8
4760,71889.5491
4761,13634749.59
4762,499099.4413
4763,233511.3997
4764,98876754.81
4765,15980898.09
4766,74357317.53
4767,28814053.47
4768,31636926.48
4769,33715404.68
4770,25717290.8
4771,98884970.64
4772,20788445.64
4773,8304144.842
4774,1295710.051
4775,169447.2737
4776,2074843.059
4777,92821373.95
4778,48152417.9
4779,1371835.214
4780,126852035.4
4781,169621.1763
4782,15497794.62
4783,8708189.215
4784,10325897.89
4785,27368364.16
4786,69598968.17
4787,54049641.12
4788,118634570.8
4789,11718059.27
4790,61743196.97
4791,4820220.035
4792,929614.1497
4793,29728796.76
4794,577019.31
4795,3854528.765
4796,4829888.79
4797,231386392.8
4798,47468649.78
4799,4973928.803
4800,24666122.05
4801,4199494.205
4802,16861683.44
4803,6375010.878
4804,1341971.228
4805,541853.807
4806,14033028.03
4807,143806.4051
4808,1391604.502
4809,46911645.22
4810,101002.5488
4811,1158594.99
4812,31019218.08
4813,48898981.37
4814,335725.7168
4815,32655735.35
4816,43611331.34
4817,6743081.378
4818,10582697.96
4819,5416115.852
4820,18180673.84
4821,307942.3794
4822,283171.1154
4823,2742078.818
4824,42109266.97
4825,86791763.21
4826,2292387.308
4827,28189523.41
4828,20228608.45
4829,4037759.098
4830,56259191.25
4831,18436759.09
4832,2199376.368
4833,10945106.91
4834,3607931.617
4835,38858182.93
4836,1687543.754
4837,83915917.88
4838,31991954.19
4839,114325.2293
4840,79930497.55
4841,93413.80616
4842,42891487.42
4843,47861405.88
4844,2850142.792
4845,14906068.45
4846,331180.9502
4847,219147766.6
4848,26104321.48
4849,85983585.46
4850,1842712.688
4851,78595.37649
4852,23304793.15
4853,59630692.71
4854,3778355.542
4855,25263809.27
4856,1559867.612
4857,17810856.8
4858,17045271.42
4859,3836094.719
4860,83902304.93
4861,53196154.86
4862,116456800.7
4863,118364476.1
4864,22868479.57
4865,19045289.45
4866,1589834.053
4867,69225700.37
4868,12075139.98
4869,1594183.744
4870,14423191.42
4871,27776754.18
4872,279693.3551
4873,15288977.75
4874,44413054.61
4875,1324205.529
4876,15949724.69
4877,26991824.5
4878,4486504.713
4879,24380635.26
4880,6970038.88
4881,590737.2742
4882,7671691.719
4883,46090905.01
4884,36617885.98
4885,3298439.169
4886,25305508.65
4887,586023.8766
4888,2702661.65
4889,662771.017
4890,54568967.88
4891,512263.695
4892,3138570.437
4893,64353670.04
4894,7119694.38
4895,1393112.249
4896,61742211.93
4897,2081111.225
4898,48134570.14
4899,2879750542
4900,41882663.46
4901,37764657.31
4902,12413469.58
4903,2457589.796
4904,66447042.51
4905,31782584.02
4906,155371.0129
4907,204108244.8
4908,21197957.91
4909,39008035.7
4910,30436289.13
4911,14290836.54
4912,47200803.21
4913,16599954.56
4914,36683687.07
4915,40373688.5
4916,2302424.143
4917,11393113.15
4918,50153367.86
4919,26980775.24
4920,32968162.32
4921,43040160.52
4922,2133508.318
4923,1643049.082
4924,45349256.71
4925,52060602.99
4926,388753.4423
4927,30523771.35
4928,19646697.86
4929,4455094.254
4930,2280266.396
4931,14487158.89
4932,665885.0133
4933,40752738.51
4934,135654.6057
4935,296600184.6
4936,1527727.078
4937,486217.5682
4938,3087633.806
4939,677036.7693
4940,1664028.019
4941,2852433.463
4942,769703.9717
4943,53158750.98
4944,42553700.93
4945,1133533.202
4946,15585468.17
4947,947910.7508
4948,1141001.48
4949,37556000.2
4950,32488095.68
4951,19494725.29
4952,19539847.7
4953,38496935.89
4954,26632349.59
4955,855344.5308
4956,2352992.303
4957,32505110.34
4958,8695012.797
4959,12864846.8
4960,7202688.084
4961,36739651.56
4962,914352.8625
4963,1988096.88
4964,4172609.905
4965,94991.12304
4966,2524529.372
4967,33397329.55
4968,12827835.78
4969,97797.45485
4970,268371.0638
4971,29799499.32
4972,42493598.28
4973,23401157.43
4974,39033804.49
4975,1509770.358
4976,5641521.077
4977,30788077.69
4978,230476.4719
4979,27665778.08
4980,42407738.39
4981,2571098.165
4982,68922741.04
4983,716843.41
4984,40531391.28
4985,145864850.8
4986,4002220.844
4987,872513.7393
4988,1818804.099
4989,15676104.37
4990,420556.9487
4991,20968995.83
4992,88596774.65
4993,2655200.823
4994,45224718.65
4995,288865.899
4996,25161560.21
4997,43260379.79
4998,23999158.49
4999,34562987.75
5000,44217325.73
5001,92020970.41
5002,124495686.4
5003,30727782.82
5004,16028043.21
5005,27677556.47
5006,91649459.12
5007,17841602.58
5008,81533882.94
5009,28562984.27
5010,7168629.043
5011,6393164.567
5012,22041628.49
5013,3938517.914
5014,32784086.81
5015,3992207.308
5016,47590362.01
5017,23352751.97
5018,31802031.35
5019,31792560
5020,4618522.036
5021,240356.6519
5022,33382162.7
5023,1553844.893
5024,52722082.25
5025,379723.252
5026,35033954.98
5027,19118478.1
5028,69269687.46
5029,27074888.52
5030,26487510.63
5031,1772529.849
5032,30506423.29
5033,3359367.357
5034,2312308.196
5035,77070.46983
5036,36675145.29
5037,48782860.28
5038,80530856.98
5039,1083208.95
5040,48026563.77
5041,37001171.76
5042,1690872.927
5043,24790607.18
5044,32728784.22
5045,3813178.845
5046,7490103.279
5047,2683632.634
5048,124012.3898
5049,42686123.74
5050,2221287.283
5051,52535328.08
5052,54885000.89
5053,13414242.05
5054,17115349.98
5055,22823335.37
5056,1215055.128
5057,2098231.929
5058,4136021.182
5059,19277835.49
5060,69620294.63
5061,52631346.67
5062,225396.3826
5063,97809.1408
5064,25846151.28
5065,14223451.66
5066,14888961.85
5067,37914635.41
5068,34630066.38
5069,43761427.23
5070,3800517.836
5071,55558073.67
5072,48915713.79
5073,938975.0532
5074,10083102.17
5075,5889415.707
5076,23881042.16
5077,30958063.74
5078,848038.809
5079,6455986.202
5080,38789217.17
5081,23693759.73
5082,12597169.25
5083,2464282.464
5084,8296630.108
5085,1031110.454
5086,2406974.922
5087,4214470.189
5088,1046376.04
5089,1751544.276
5090,12083988.3
5091,20668301.28
5092,27880068.09
5093,20722531.68
5094,62367975.9
5095,27397849.79
5096,16341369.32
5097,117333.3722
5098,996837.3028
5099,8807590.749
5100,1874963.909
5101,115615.5195
5102,2306876.684
5103,5535783.684
5104,17153675.95
5105,1838184.498
5106,8195266.247
5107,3326041.672
5108,13176982.07
5109,132054.5925
5110,2597774.449
5111,46473104.16
5112,23592055.62
5113,93463.03952
5114,14674696.42
5115,8683857.695
5116,409124.9265
5117,160742085.7
5118,16188202.68
5119,88133.6303
5120,152734.8598
5121,32365598.55
5122,31495528.21
5123,2375148.292
5124,5937705.343
5125,13894603.8
5126,26103814.58
5127,46658203.79
5128,429048.2181
5129,1451326.115
5130,12882385.31
5131,23767081.27
5132,25523689.91
5133,89799644.03
5134,41587897.38
5135,75345880.64
5136,1632051.616
5137,27308215.23
5138,6083549.837
5139,76600348.75
5140,127064757.9
5141,18175682.14
5142,69452881.83
5143,48880681.63
5144,44239847.86
5145,11875928.61
5146,507248.694
5147,7790716.771
5148,22527365.87
5149,1065791.065
5150,110729828.6
5151,88627406.29
5152,30280288.89
5153,1326147.406
5154,24849972.66
5155,860737.9408
5156,246327302.6
5157,43328196.85
5158,2083499.62
5159,35124250.91
5160,25651742.43
5161,25333787.87
5162,39822667.16
5163,2868361.5
5164,1754632.305
5165,57438352.84
5166,46185097.38
5167,3274138.584
5168,2175319.816
5169,928684.41
5170,26143412.9
5171,24834512.28
5172,7842924.595
5173,32249131.88
5174,38194089.59
5175,1982974.946
5176,12057031.2
5177,1175287450
5178,282552466.2
5179,256219.9627
5180,12897808.78
5181,94106.29321
5182,16503150.86
5183,3844884.161
5184,21277061.11
5185,692159.6197
5186,2216916.762
5187,2532167.67
5188,914922.5064
5189,37589137.72
5190,40409470.22
5191,4793698.905
5192,42975574.6
5193,49509245.75
5194,28572575.78
5195,117894122.1
5196,49658309.65
5197,57663367.91
5198,28321626.82
5199,12736676.45
5200,4807381.787
5201,26072137.23
5202,556965.7341
5203,3679307.633
5204,274205.0859
5205,3504666.824
5206,20972658.66
5207,882326.9299
5208,22322881.64
5209,41389333.85
5210,15322653.95
5211,12666087.15
5212,20524455.92
5213,47557789.28
5214,100195.7366
5215,1488369.095
5216,73980983.49
5217,1896681.401
5218,19629890.89
5219,30963792.55
5220,48681223.02
5221,382326.7712
5222,1132449.392
5223,120351703.4
5224,111562.8464
5225,202886.5512
5226,32662627.67
5227,458298.4706
5228,19933511.39
5229,29557698.5
5230,991691.631
5231,7391790.994
5232,193834.5606
5233,238700.3207
5234,34353050.26
5235,18319908.46
5236,47078495.84
5237,57386698.58
5238,24890879.35
5239,25063355.05
5240,42414130.06
5241,42151874.03
5242,68463997.99
5243,1376999.475
5244,33798460.48
5245,2710704.948
5246,2850504.278
5247,53600792.83
5248,863745.596
5249,24660529.07
5250,36826840.67
5251,1847493.072
5252,59002.57461
5253,2578921.726
5254,362554.7777
5255,52726877.76
5256,56656518.91
5257,1595140.029
5258,1402456.984
5259,46112100.44
5260,1192292.767
5261,39277543.01
5262,5126194.24
5263,38617817.91
5264,8180529.705
5265,5350902.311
5266,22574262.46
5267,7496678.858
5268,11922685.59
5269,48250264.15
5270,70228912.6
5271,30235437.08
5272,61761802.99
5273,199933.8485
5274,19690768.86
5275,1375683.017
5276,2394658.406
5277,3546914.36
5278,11600589.1
5279,9771083.165
5280,127639.1687
5281,2958162.136
5282,19389949.08
5283,721316.0012
5284,1163637.608
5285,39323964.03
5286,1656241.517
5287,811886.4257
5288,381247.6178
5289,261444738.5
5290,53855655.84
5291,171851454.2
5292,382395953.7
5293,53705755.02
5294,243295.407
5295,173951733.2
5296,2135372.596
5297,31774164.9
5298,76714974.84
5299,5246829.981
5300,776985.5988
5301,10287353.02
5302,50091184.72
5303,656883.5754
5304,23496065.7
5305,1689619.315
5306,67456543.65
5307,68604546.89
5308,543387.3632
5309,1884592.254
5310,57809803.25
5311,5947897.532
5312,51906638.77
5313,196743715.6
5314,61945562.3
5315,678348.4399
5316,20863403.19
5317,2511619.127
5318,732272.676
5319,44345499.64
5320,18278542.42
5321,26313363.25
5322,210349.395
5323,96296488.74
5324,23394300.03
5325,9367684.083
5326,30356446.55
5327,62059983.94
5328,25542154.17
5329,2849237.28
5330,56505607.52
5331,543320.3202
5332,216479.5941
5333,18741396.64
5334,20512927.72
5335,8145355.787
5336,19824769.8
5337,429373.1844
5338,30931348.03
5339,37575301.5
5340,2080483.995
5341,40189856.94
5342,32958922.87
5343,36275909.13
5344,77675241.85
5345,154561.8005
5346,223241388.7
5347,714823.1474
5348,24010572.43
5349,3206208.504
5350,321871.7743
5351,40774327.58
5352,5143897.413
5353,13504325.85
5354,45485587.94
5355,21648258.25
5356,1780336.592
5357,285673.8139
5358,164617861.2
5359,54668257.64
5360,37460888.73
5361,1621315.807
5362,1428738.59
5363,22217010.66
5364,937037.0442
5365,39076988.43
5366,17137636.33
5367,44829171.38
5368,8845149.161
5369,332860467.9
5370,16713087.61
5371,37877937
5372,151629125.1
5373,47815518.46
5374,80257116.96
5375,35812633.09
5376,39572994.37
5377,4892269.901
5378,280653.3825
5379,23874838.56
5380,51786367.23
5381,29685362.85
5382,46075189.02
5383,781195.335
5384,94328964.13
5385,73776291.4
5386,3863711.561
5387,5838970.706
5388,84329058.04
5389,1655789.913
5390,4265689.598
5391,25973440.11
5392,124317.401
5393,1279369.545
5394,41842022.1
5395,3436599.83
5396,294951669.2
5397,1944363.05
5398,6527839.275
5399,107171.2738
5400,1164572.209
5401,88838747.62
5402,42032925.61
5403,66329852.57
5404,160416.9072
5405,127983387.7
5406,1405330.428
5407,57566637.07
5408,131636142.9
5409,41293990.51
5410,4813500.839
5411,14076332.04
5412,118015.3611
5413,1177026.669
5414,40025924.51
5415,28105216.32
5416,15034357.16
5417,29663122.8
5418,610521.4765
5419,195744.5482
5420,47478775.91
5421,40232337.19
5422,56013350.11
5423,52240077.85
5424,48401122.76
5425,16993436
5426,10570095.12
5427,421230.89
5428,9793894.2
5429,45715910.36
5430,62146374.65
5431,36382877.74
5432,43973896.75
5433,24371863.61
5434,32241994.27
5435,1797797.832
5436,26574668.44
5437,35403478.69
5438,17181220.96
5439,3832138.03
5440,29647789.21
5441,15780862.19
5442,39554823.65
5443,28398093.36
5444,30243938.19
5445,32310547.83
5446,26456893.39
5447,29411542.89
5448,4285621.224
5449,29208193.51
5450,1747335.216
5451,26148607.36
5452,204023.6665
5453,42199558.67
5454,61710913.65
5455,8803206.648
5456,3777764.861
5457,17474246.33
5458,1382177.656
5459,1018707.153
5460,1445269.582
5461,105338.5468
5462,965158.4122
5463,441618417.1
5464,3724575.256
5465,16967398.52
5466,61535842.23
5467,66658176.95
5468,29345190.44
5469,652547.2952
5470,42501921.54
5471,60032112.01
5472,35084600.11
5473,18194206.42
5474,20899019.13
5475,11169023.19
5476,5190359.514
5477,10558631.85
5478,69169521.15
5479,33645691.19
5480,14420591.87
5481,2371855.035
5482,30211421.84
5483,25660462.02
5484,34974514.66
5485,9352501.759
5486,3602378.509
5487,97507642.43
5488,37447339.57
5489,10743327.64
5490,318957.2642
5491,108215727.6
5492,26022891.19
5493,32108763.82
5494,96227.84035
5495,15866045.66
5496,42935557.09
5497,16769453.75
5498,677035.0997
5499,41586821.43
5500,25839953.92
5501,1971471.933
5502,2248884.734
5503,4913216.589
5504,52229543.64
5505,987673.1146
5506,144988667.3
5507,44733940.96
5508,52094353.39
5509,52228347.38
5510,25745000.73
5511,12259466.35
5512,65242129.07
5513,758171.2261
5514,15323368.35
5515,2493995.246
5516,147894.9906
5517,43534755.35
5518,24150973.63
5519,83131553.35
5520,125792.633
5521,20184142.71
5522,112825.2954
5523,115937220.8
5524,166000476.7
5525,22914682.89
5526,14713873.09
5527,798848.8362
5528,34305449.96
5529,255023.2554
5530,82142437.87
5531,404078.2179
5532,1529883.97
5533,39582918.89
5534,72509922.05
5535,4736604.807
5536,272743.9058
5537,23378123.35
5538,23337467.44
5539,76138988.17
5540,46783058.73
5541,83635959.81
5542,306577.414
5543,19781506.15
5544,42502477.2
5545,240560.3562
5546,1823988.593
5547,1885879.934
5548,10396882.81
5549,26207938.24
5550,16807489.47
5551,18550542.12
5552,37696300.95
5553,42759198.87
5554,2640222.799
5555,29198284.2
5556,15468459.38
5557,13284943.59
5558,209202374.8
5559,732439.3899
5560,650395.5242
5561,13377544.5
5562,24847392.82
5563,140369.8562
5564,4635707.244
5565,30574644.17
5566,5987022.161
5567,1867426.367
5568,41983598.38
5569,59970682.19
5570,25661794.41
5571,76955392.23
5572,209959.5372
5573,33667840.52
5574,1472910.181
5575,6678886.04
5576,24798641.57
5577,23200309.4
5578,1601106.358
5579,7236260.875
5580,3041226.21
5581,18026059.77
5582,15273494.18
5583,54619324.78
5584,30839703.85
5585,8593219.668
5586,1934217.999
5587,19959313.48
5588,96802049.7
5589,29380325.13
5590,228364.1931
5591,55566127.84
5592,2090842.227
5593,25554236.81
5594,7408161.331
5595,21259234.95
5596,43907668.97
5597,413528.6754
5598,1516574.722
5599,21008315.22
5600,622910.5835
5601,22609067.73
5602,25516179.93
5603,262636.4236
5604,19858844.3
5605,43257079.58
5606,40094470.85
5607,30658010.38
5608,30571429.37
5609,1936816.878
5610,30926794.07
5611,29284103.85
5612,101021123
5613,29884975.85
5614,14448309.96
5615,47776844.43
5616,2474719.788
5617,49558688.17
5618,21090717.81
5619,48561257.24
5620,18956556.07
5621,47289986.11
5622,4257974.955
5623,15358035.46
5624,107413752.8
5625,195618.9358
5626,1105173.626
5627,73039111.2
5628,23192801.88
5629,105164510.6
5630,3214384.376
5631,48154792.62
5632,82674929.58
5633,25585137.17
5634,4061181.387
5635,47358886.02
5636,391152.8876
5637,1474644.032
5638,40102583.86
5639,2794849.483
5640,529834.9406
5641,41219316.13
5642,21596130.71
5643,1544219.544
5644,162129807.7
5645,58569963.53
5646,1073022.632
5647,3876315.677
5648,28173593.09
5649,6299464.277
5650,57532507.1
5651,21255105.7
5652,6604306.374
5653,39515745.53
5654,43127454.26
5655,64672204.35
5656,214766628.7
5657,435545.5029
5658,1862707.416
5659,25236276.19
5660,40837082.96
5661,1697084.378
5662,133992742.7
5663,15502757.18
5664,2316854.478
5665,45674032.32
5666,7534374.515
5667,36546137.4
5668,1006061.572
5669,10087160.18
5670,160349834.8
5671,21037301.76
5672,2335845.288
5673,105881407.3
5674,23658188.09
5675,1398130.765
5676,763153.4309
5677,59713730.92
5678,37587767.73
5679,288552.8313
5680,21011928.53
5681,2808404821
5682,512411.292
5683,370681570.2
5684,25035271.88
5685,3919819.584
5686,883424.5095
5687,32502268.67
5688,15488649.58
5689,18384564.5
5690,7580368.386
5691,87089272.8
5692,123855200.7
5693,31154655.5
5694,20110030.87
5695,1368846.77
5696,23303921.39
5697,83036.90325
5698,2461089.228
5699,1193602.591
5700,33661365.59
5701,2663991.146
5702,25301225.15
5703,36758294.95
5704,72007405.68
5705,11604601.5
5706,147297.9656
5707,14509644.72
5708,10369922.37
5709,9008244.253
5710,11782909.92
5711,35378720.47
5712,47503730.46
5713,9090756.108
5714,1448637.251
5715,1386495.046
5716,418142.8651
5717,10243421.43
5718,11181343.03
5719,25163769.23
5720,15078730.45
5721,49146322.47
5722,881599.5948
5723,7854295.057
5724,588519.4761
5725,151163.0326
5726,37630621.17
5727,52085648.64
5728,2722911.048
5729,76935757.82
5730,12649551.25
5731,167781.6395
5732,648672.1563
5733,2037346.47
5734,16421147.25
5735,1394775.043
5736,52415031.87
5737,21718891.25
5738,95424867.05
5739,1475431.829
5740,19310643.33
5741,21899796.83
5742,25585996.5
5743,23959058.1
5744,156388.2645
5745,7761354.591
5746,20945919.54
5747,2316746.883
5748,33324238.67
5749,42362962.96
5750,23855610.64
5751,23565158.26
5752,2934988.066
5753,101275781.3
5754,15566689.32
5755,31840409.31
5756,13145296.04
5757,13306921.51
5758,752820.6058
5759,2128552.021
5760,1055879.617
5761,495869.9723
5762,18738138.86
5763,50688086.93
5764,1172314.983
5765,21349846.87
5766,25038131.39
5767,24399355.44
5768,18668898.5
5769,208555847
5770,8601048.714
5771,26113511.14
5772,11728462.23
5773,133796666
5774,24985875.65
5775,30361585.98
5776,4091644.12
5777,81720682.95
5778,86216534.41
5779,62334368.27
5780,290039.8749
5781,33073238.62
5782,55900519.15
5783,72904124.55
5784,229113.771
5785,25195215.83
5786,6985516.174
5787,79484742.38
5788,934049.0033
5789,23746301.38
5790,36164051.8
5791,43997905.23
5792,6400764.386
5793,1265751.098
5794,47150923.76
5795,29639857.07
5796,2158434.405
5797,32946138.25
5798,401954.5263
5799,125557281.6
5800,814568.4093
5801,8817983.756
5802,379243.742
5803,111204.9622
5804,96174964.6
5805,3335414.617
5806,2521744.486
5807,41147287.82
5808,46647426.34
5809,7346145.066
5810,84906.36429
5811,1059776.554
5812,71028531.22
5813,44466768.69
5814,667115.8557
5815,1399228.045
5816,823490.3063
5817,957226.0236
5818,1879359.507
5819,26323738.36
5820,2428595.624
5821,151182.9584
5822,73927.89052
5823,29138029.16
5824,27657034.85
5825,2490820.451
5826,12028058.97
5827,657765.0812
5828,107878818.8
5829,24884395.25
5830,47957066.84
5831,47287146.19
5832,31582574.93
5833,16074539.75
5834,5568090.011
5835,71019.87542
5836,35262918.59
5837,42041932.11
5838,149576.0361
5839,69642991.99
5840,459277.9218
5841,23011637.15
5842,30848657.97
5843,1264089.336
5844,1296496.479
5845,59388.28995
5846,737689.3601
5847,45827154.8
5848,27613725.82
5849,259949.3362
5850,23767913.39
5851,4570764.448
5852,964149.8526
5853,23353028.01
5854,21865805.24
5855,66623202.99
5856,18269493.59
5857,240927656.2
5858,398154.7994
5859,56806678.65
5860,52069893.41
5861,690126.5525
5862,1302841.003
5863,27733733.43
5864,131853056.7
5865,17583475.38
5866,16288090.25
5867,2459019.471
5868,24424061.63
5869,15054506.91
5870,1253878.85
5871,76192026.96
5872,82738049.54
5873,2722310.498
5874,702425.1713
5875,26880613.46
5876,38616503.47
5877,3195244.934
5878,41594623.07
5879,21262184.34
5880,71124954.85
5881,44760613.59
5882,46764537.2
5883,1264999.886
5884,60297633.47
5885,670816.7091
5886,24228426.81
5887,1118807.704
5888,6365157.761
5889,225478.834
5890,62569150.81
5891,18304609.92
5892,14749047.92
5893,2170538.981
5894,30038238.15
5895,14816398.6
5896,60318821.3
5897,1287749.845
5898,32404792.75
5899,2837513.989
5900,1716320.83
5901,73408.07935
5902,1527728.387
5903,75719203.62
5904,20842334.21
5905,19292053.68
5906,37771451.32
5907,732554.5457
5908,50007003.34
5909,13040624.04
5910,18775885.16
5911,6366608.193
5912,44489043.57
5913,23448082.5
5914,1687897.168
5915,19381345.18
5916,31998296.97
5917,89001627.14
5918,45935083.81
5919,56222803.14
5920,429597.1522
5921,12857822.95
5922,13641729.36
5923,17758044.58
5924,4574451.068
5925,121731282.1
5926,1808669.408
5927,237493.1037
5928,21007554
5929,279337.5796
5930,60412094.69
5931,33553167.49
5932,215566.9581
5933,12759280.46
5934,265896616.8
5935,55411458.01
5936,30853740.79
5937,814443.6328
5938,1441986.85
5939,18636137.33
5940,47379186.87
5941,3388961.481
5942,33878483.81
5943,2044046.478
5944,19258669.39
5945,2776847.461
5946,560704.4259
5947,107771.7515
5948,78755272.78
5949,1668644.78
5950,48146683.21
5951,29394826.75
5952,7089500.396
5953,100136092.6
5954,25021644.97
5955,18294813.93
5956,22463877.66
5957,27715844.04
5958,54607618.24
5959,6856745.755
5960,1816182.101
5961,1461088.78
5962,1760127.415
5963,32626359.09
5964,43047344.54
5965,20108495.41
5966,31119204.05
5967,240802450.1
5968,23345978.72
5969,29105150.78
5970,13723605.56
5971,3697818.884
5972,8564783.466
5973,57376803.64
5974,313744.3066
5975,21810463.88
5976,5114540.548
5977,525914.5446
5978,5046974629
5979,7568220.587
5980,61767176.02
5981,9264236.554
5982,72079632.93
5983,385108.6412
5984,20199333.34
5985,40724304.64
5986,97372.9082
5987,2943431.056
5988,34543956.14
5989,710847.3726
5990,60288574.9
5991,1046661.781
5992,20152449.71
5993,63945788.65
5994,3069276.501
5995,14874617.53
5996,18743698.59
5997,12623813.58
5998,277918887.1
5999,628077.2083
6000,13099227.23
6001,2270656.806
6002,1646852.1
6003,147127589.1
6004,37000038.92
6005,288664.7572
6006,22391637.12
6007,1332063.882
6008,10911637.58
6009,31161146.13
6010,27906619.5
6011,27184090.54
6012,16838586.51
6013,49933369.19
6014,1591377.852
6015,22340261.28
6016,16605371.35
6017,353886.4035
6018,52393130.79
6019,2723748.935
6020,832795.4309
6021,16993845.78
6022,1730774.249
6023,13855091.18
6024,4080653.747
6025,2965274.71
6026,54529565.1
6027,13396956.66
6028,35717731.67
6029,506431.2278
6030,85913910
6031,41812705.04
6032,192923.3466
6033,43456078.57
6034,310190.8074
6035,63527957.03
6036,1838146.383
6037,921584.0578
6038,64800.62064
6039,641484.3061
6040,38656695.66
6041,117569733.1
6042,57695.67063
6043,48021786.25
6044,612802.3424
6045,28411324.24
6046,532686.5137
6047,4070589.684
6048,15359234.69
6049,5533787.374
6050,125700.8182
6051,971913.4136
6052,20043306.93
6053,236436.8401
6054,6615581.356
6055,966394.1915
6056,30847788.6
6057,207815.2848
6058,11296385.4
6059,33748338.35
6060,26162725.95
6061,66160114.35
6062,12168370.64
6063,31745237.82
6064,952262.0323
6065,189718680.1
6066,27303246.43
6067,47487180.59
6068,509401.8725
6069,61489064.79
6070,75877542.43
6071,1176079.35
6072,36289049.95
6073,36681907.51
6074,2959810.434
6075,2081987.93
6076,56666669.05
6077,1550708.509
6078,23773636.97
6079,214941288.7
6080,192556.4204
6081,880276.8048
6082,10207009.05
6083,89046160.69
6084,20798021.31
6085,14557001.67
6086,9509432.575
6087,40904128.49
6088,2419343.856
6089,12197059.01
6090,98589271.07
6091,446289.7118
6092,1413943.545
6093,20942653.3
6094,49708701.49
6095,99315746.98
6096,13341178.01
6097,30734533
6098,11456073.05
6099,19776211.48
6100,35630173.74
6101,58991695.9
6102,31637621.18
6103,74858226.89
6104,103614.4223
6105,360718.5334
6106,286247.3007
6107,118987.2776
6108,11081180.04
6109,40451061.02
6110,23889759.37
6111,596874.6479
6112,178963.9078
6113,8510625.798
6114,37678993.65
6115,43895347.31
6116,116127.5159
6117,3135470.787
6118,22143128.97
6119,22362640.16
6120,24529710.88
6121,1565863.649
6122,29527205.01
6123,815153.7102
6124,6689819.567
6125,9438772.889
6126,14826260.66
6127,2158611.647
6128,26385597.03
6129,1224382.695
6130,456093.8591
6131,18413108.5
6132,79602.02226
6133,26795396.83
6134,43753096.27
6135,23831760.88
6136,194860579
6137,52791509.83
6138,1078680.434
6139,325132043
6140,3130476.247
6141,24106038.61
6142,798115.5027
6143,1746455.185
6144,2909373.106
6145,4600562.039
6146,23915591.26
6147,45240530.72
6148,7882717.806
6149,37455238.34
6150,90812162.08
6151,18323233.47
6152,5113589815
6153,4697987.056
6154,149783.1264
6155,43716440.03
6156,2679633.477
6157,29313607.84
6158,28921286.21
6159,21834678.48
6160,40879659.51
6161,15258838.08
6162,11569384.58
6163,694846.9434
6164,3123076.063
6165,46948562.87
6166,17441052.99
6167,29471378.5
6168,22109998.75
6169,34356946.42
6170,410473.7936
6171,12348825.29
6172,947071.7789
6173,19923610.52
6174,40350574.24
6175,17042109.06
6176,27547335.74
6177,44973799.43
6178,360398.9044
6179,114203514.1
6180,45635171.66
6181,1243061.649
6182,167948029.3
6183,16947446.51
6184,331160937.1
6185,14061643.52
6186,3758790.952
6187,16515449.71
6188,19659058.51
6189,2231284.306
6190,149356550.9
6191,1731305.935
6192,70633727.4
6193,10034024.07
6194,1433647.341
6195,188399.9862
6196,51442977.08
6197,1230155.782
6198,31369456.5
6199,394355552.7
6200,120314.6818
6201,2124536.152
6202,39786927.07
6203,246207871.5
6204,1362810.6
6205,1526175.397
6206,19777849.66
6207,35230816.22
6208,37998392.99
6209,189706.4543
6210,111120.1985
6211,85445048.74
6212,1534570.788
6213,3509139.34
6214,3637852.842
6215,18758811.3
6216,17815126.87
6217,688462.4202
6218,4258756.953
6219,18843199.34
6220,2176894.42
6221,1827311.814
6222,1000727.592
6223,39646432.56
6224,39793185.79
6225,50399623.18
6226,1506842.147
6227,1341712.326
6228,1226484.632
6229,196607.1437
6230,377682.3482
6231,26402071.55
6232,7743807.184
6233,58571537.02
6234,21954430.45
6235,24451097.32
6236,45854863.88
6237,12180249.13
6238,1708827.786
6239,92912796.89
6240,110410785.1
6241,198017.0698
6242,264743.9336
6243,13375702.32
6244,21885421.55
6245,10854562.16
6246,1428892.226
6247,123899578.9
6248,2044645.82
6249,1931364.814
6250,18151604.03
6251,39615853.23
6252,8918783.304
6253,8165547.9
6254,55709619.63
6255,6668295.152
6256,10932419.42
6257,26572471.26
6258,414579.8724
6259,182270.6693
6260,1524818.338
6261,21747117.11
6262,10956702.35
6263,58525950.72
6264,5462419.188
6265,1653610.166
6266,1281057.334
6267,43839919.88
6268,120685.9592
6269,69067063.88
6270,43254736
6271,79740102.73
6272,2521778.792
6273,9860510.773
6274,52834406.95
6275,22430211.15
6276,2746511.286
6277,19452825.39
6278,693710.3431
6279,15862798.32
6280,1982351.608
6281,12358007.45
6282,83837189.86
6283,19109400.47
6284,30397858.97
6285,38457684.97
6286,780101.9699
6287,16111518.58
6288,44805759.69
6289,66632336.31
6290,102973.7135
6291,47424853.31
6292,50148582.89
6293,276748391
6294,12602600.19
6295,43777444.48
6296,5580925.309
6297,18182554.63
6298,666766.6967
6299,138607.9369
6300,60440613.63
6301,4080507.017
6302,1026675.749
6303,16944009.29
6304,13488011.2
6305,41483700.97
6306,55557956.41
6307,3613823.058
6308,508628.3235
6309,888195.835
6310,25614779.84
6311,106184.6169
6312,262299.2021
6313,16197963.52
6314,31517821.72
6315,1911875.806
6316,28964518.61
6317,82654011.41
6318,26359336.58
6319,32511149.15
6320,892588.0065
6321,5474391.457
6322,24648479.15
6323,36640141.02
6324,385061.5108
6325,5362602.729
6326,16722390.86
6327,17352089.78
6328,17986432.17
6329,10240799.02
6330,7838692.579
6331,40292996.89
6332,5114894.174
6333,17643026.82
6334,183686.0896
6335,40979210.33
6336,63511280.86
6337,33593320.88
6338,1382763.893
6339,5423306.099
6340,2229189.119
6341,4911264.167
6342,1868916.095
6343,38905788.89
6344,29537266.46
6345,572291.1262
6346,55389454.8
6347,58990284.4
6348,2821632.453
6349,21790676.59
6350,801698.9247
6351,57585527.08
6352,58297233.84
6353,551772.1741
6354,157167.1865
6355,61195.23525
6356,1580700.349
6357,1144073.003
6358,6829914.259
6359,932536.3546
6360,1072820.951
6361,85595255.61
6362,1415564.47
6363,1803230.216
6364,2547863.051
6365,37748589.74
6366,1522148.257
6367,11997303.87
6368,23372647.65
6369,3733014.201
6370,21794528.64
6371,1944614.803
6372,36353560.33
6373,9531271.404
6374,6182756.49
6375,10726841.99
6376,17127459.73
6377,17241371.11
6378,1082012.153
6379,82190832.37
6380,14097101.56
6381,18526371337
6382,28031126.34
6383,21552750.72
6384,26990247.55
6385,1726151.65
6386,87169117.39
6387,13432926.62
6388,471591.7886
6389,273109.7319
6390,53321704.2
6391,1144159.762
6392,8029736.881
6393,105521165.1
6394,83722509.78
6395,346594.1516
6396,909753.7894
6397,1247578.625
6398,4139703.406
6399,1022999.895
6400,42286714.43
6401,359308.1972
6402,1977121.336
6403,180326.4763
6404,40959427.76
6405,874369.7952
6406,10687043.21
6407,18678048.12
6408,18388093.31
6409,38984083.9
6410,16488632.41
6411,1585902.402
6412,9761393.942
6413,8285451.248
6414,182497807.8
6415,378672.7809
6416,8979224.992
6417,45337985.21
6418,23015115.78
6419,26665538.68
6420,51379899.99
6421,43902584.17
6422,170313.4403
6423,2855767.981
6424,60273261.84
6425,50262423.26
6426,12005147.83
6427,747500.1341
6428,653741.0684
6429,14453877.21
6430,53187309.82
6431,33265681.19
6432,51209089.55
6433,30891186.74
6434,17537306.95
6435,61273723.28
6436,29858546.7
6437,2735012.432
6438,33100242.63
6439,12907861.32
6440,46370133.36
6441,16156711.75
6442,3753449.197
6443,30899922.2
6444,139192.4829
6445,108587151.4
6446,67984757.21
6447,2358359.676
6448,1007462.096
6449,21922319.63
6450,808933.7604
6451,15201443.7
6452,15883687.36
6453,33653729.84
6454,25378448.06
6455,6413932.957
6456,1187240.638
6457,65769225.02
6458,547900.6477
6459,3341969.459
6460,28603290.38
6461,59303283.22
6462,110657530.4
6463,127789.7299
6464,1320454.059
6465,3121454.168
6466,18257422.56
6467,14678678
6468,887508.2142
6469,7202938.333
6470,5144167.695
6471,1627921.823
6472,16305927.67
6473,3348222.153
6474,521872.0222
6475,562536.4367
6476,96973513.76
6477,27683554.32
6478,16574866.66
6479,128237246.7
6480,38560917.38
6481,19997796.78
6482,3151026.957
6483,807095.6708
6484,50894084.63
6485,25724687.13
6486,164945.8247
6487,45469177.6
6488,22887802.44
6489,96351.44831
6490,159017.6067
6491,23333355.98
6492,12741343.09
6493,44324908.95
6494,34109113.1
6495,16856753.45
6496,4733780.356
6497,96611420.69
6498,13793035.14
6499,25001239.14
6500,168248.4297
6501,1085760.591
6502,43030579.54
6503,31548205.52
6504,10671838.44
6505,14674717.23
6506,1612452.723
6507,2075338.943
6508,49097398.03
6509,731866.3192
6510,3623955.408
6511,21108517.09
6512,1560086.227
6513,28307332.25
6514,1028350.861
6515,454642094.4
6516,22704461.32
6517,1508549.592
6518,1549212.833
6519,41256417.48
6520,463123.1121
6521,77382309.15
6522,42648415.1
6523,47162166.6
6524,22377993.95
6525,65287876.67
6526,127005575.7
6527,711540.6589
6528,3117745.637
6529,2003231.903
6530,29528291.62
6531,990470.6105
6532,2104412.631
6533,958252.3044
6534,69443495.21
6535,9910513.284
6536,31981060.3
6537,23445327.96
6538,27338740.4
6539,843937868.9
6540,45045330.6
6541,59831021.24
6542,49944769.27
6543,822588.9037
6544,37294832.25
6545,10111668.28
6546,151282469
6547,1121580.103
6548,50341959.62
6549,36574252.22
6550,26202530.11
6551,29309276.9
6552,2964210.677
6553,166319.5993
6554,20489042.47
6555,3191320.418
6556,30428558.67
6557,3888368.697
6558,68267628.37
6559,46170038.27
6560,120364913.6
6561,798215.5223
6562,30490370.95
6563,15195693.92
6564,11088409.35
6565,18301666.22
6566,25443052.41
6567,1940549.746
6568,25758679.79
6569,2974386.855
6570,51468261.04
6571,17991458.35
6572,53740.90636
6573,37474054.34
6574,22550499.25
6575,3567989.577
6576,36073391.21
6577,7260109.08
6578,18206854.35
6579,1395454.257
6580,922121.5366
6581,47093528.86
6582,616592.4992
6583,87982.11943
6584,1218512.831
6585,17943203.24
6586,19406537.34
6587,3739669.351
6588,1027687.216
6589,28909873.49
6590,40776519.84
6591,33519728.78
6592,66422053.58
6593,57357928.75
6594,66054006.94
6595,86675.81511
6596,36608574.59
6597,434989.7152
6598,18412840.71
6599,2327620.755
6600,3900565.101
6601,17025019.27
6602,209893401.2
6603,19483181.06
6604,24837357.13
6605,45704480.85
6606,1983266.227
6607,20637412.63
6608,73128.60569
6609,1700267.629
6610,1395628.927
6611,5917385.221
6612,282328468.1
6613,49637839.7
6614,39468401.31
6615,221200.8893
6616,40871200.57
6617,27147528.94
6618,24743555.01
6619,5164305.794
6620,14273183.4
6621,46643932.45
6622,73351852.96
6623,126912887.5
6624,36071068.9
6625,64057615.97
6626,3428172.776
6627,40850084.53
6628,297543.0408
6629,13407172.5
6630,1387600.219
6631,1577325.787
6632,226267.7038
6633,4356328.56
6634,7174657.501
6635,634976.451
6636,64930559.24
6637,25223704.62
6638,301632.5908
6639,4280204.478
6640,3410068.667
6641,50836454.81
6642,81796166.06
6643,110930.7783
6644,431169.6207
6645,50371871.82
6646,39638770.66
6647,477030.6307
6648,26456244.92
6649,559005.9425
6650,2500206.067
6651,18179689.78
6652,1033612.237
6653,26709332.92
6654,27241738.83
6655,39733357.97
6656,1412634.265
6657,40186282.87
6658,5162857.919
6659,5513248.8
6660,435584.087
6661,321834.6041
6662,31875424
6663,87000965.39
6664,6550563.46
6665,144777.0163
6666,13583236.38
6667,96399285.34
6668,15479014.5
6669,1644085.16
6670,606111.1256
6671,15453695.72
6672,1944557.354
6673,43849564.67
6674,132263531.4
6675,77982671.84
6676,1134202.13
6677,479328.6788
6678,7471348.984
6679,89671428.58
6680,42584505.24
6681,1104860064
6682,28240725.23
6683,94599659.44
6684,653802.7184
6685,2071717.879
6686,2994499.74
6687,42871517.73
6688,14102492.79
6689,62094512.82
6690,92143513.62
6691,287263.6163
6692,84398420.29
6693,22362957.21
6694,26667471
6695,31181264.13
6696,56757259.36
6697,4931756.357
6698,5918815.081
6699,28452994.82
6700,59633486.04
6701,43470554.04
6702,37284557.51
6703,7553246.692
6704,492812.7969
6705,32611555.8
6706,26731009.28
6707,19545448.71
6708,23305607.17
6709,260756.9348
6710,55746598.5
6711,23194785.79
6712,28952459.37
6713,1649078.726
6714,163073.8725
6715,520644.6906
6716,16943428.37
6717,64341862.89
6718,19905055.41
6719,14412211.38
6720,702045.9368
6721,26183803.07
6722,3282635.383
6723,30888520.66
6724,19476096.22
6725,258875.7416
6726,37550960.92
6727,2742159.252
6728,1173912.706
6729,11311067.67
6730,38139552.62
6731,4437032.385
6732,573608.1007
6733,104832775.6
6734,10629318.7
6735,71056129.96
6736,522998.2179
6737,4516608.117
6738,7234421.504
6739,2637686.335
6740,75753.2765
6741,587672.1354
6742,15735997.07
6743,36774407.53
6744,2168740.82
6745,951065.2553
6746,40239892.57
6747,21880834.26
6748,827691.1987
6749,1444240.141
6750,123782.942
6751,1911274.714
6752,53104268.17
6753,4971109.682
6754,25764499.05
6755,1197372.299
6756,60192532.83
6757,75834273.45
6758,9965813.192
6759,3514924.961
6760,21520702.56
6761,25335230.53
6762,158739.1093
6763,43046101.01
6764,1406562.961
6765,41934502.66
6766,146719.306
6767,17020765.97
6768,68680561.15
6769,17552752.99
6770,14049414.4
6771,743377.6334
6772,3080993.741
6773,1712947.962
6774,144354661.2
6775,125821729.7
6776,2585715.52
6777,46629154.85
6778,26471192.19
6779,3553177.634
6780,43161922.37
6781,1733324.661
6782,49071807.85
6783,37976781.07
6784,134448.0225
6785,33448342.48
6786,3043610.012
6787,2412540.92
6788,167014.284
6789,503442.6575
6790,27215401.85
6791,28180243.92
6792,68960622.98
6793,29166175.99
6794,2302714.655
6795,432987.8958
6796,107088476.8
6797,2952313.804
6798,27236422.8
6799,818306.4388
6800,35225961.35
6801,971116116
6802,3232044.335
6803,51564455.48
6804,9930.787436
6805,20235710.58
6806,9695840.362
6807,32728769.73
6808,320284.3403
6809,58580998.46
6810,2456914.297
6811,47579644.12
6812,3356957.721
6813,58309472.44
6814,1225308.872
6815,3415683.158
6816,1453584.471
6817,90869.18023
6818,90869.18023
6819,64986122.7
6820,44797161.69
6821,23227189.07
6822,14133714.51
6823,4602611.622
6824,39675458.54
6825,21027682.23
6826,6096903.639
6827,1249404.965
6828,61005.94267
6829,115424.5017
6830,2865133.95
6831,28919256.95
6832,24743638.12
6833,17406357.71
6834,1335869.145
6835,65886231.88
6836,1474730.208
6837,34223854.26
6838,1255588.893
6839,8368472.572
6840,18806968.34
6841,14224073.61
6842,3682702.985
6843,9319467.15
6844,11799646.46
6845,33792782.94
6846,40635752.16
6847,900783.8111
6848,13716493.59
6849,15526335.92
6850,62450358.26
6851,108924924.2
6852,1213223.187
6853,2211148.345
6854,31147416.13
6855,35956938.28
6856,698134.7856
6857,25562311.88
6858,483316.1629
6859,33944953.56
6860,12484566.26
6861,13658896.29
6862,25114019.43
6863,83539533.35
6864,4467194.174
6865,3304605.54
6866,55795022.74
6867,27657843.86
6868,323446497.1
6869,27410107.02
6870,149058.644
6871,47620495.36
6872,241587.0086
6873,17998812.92
6874,37078409.5
6875,1257689.231
6876,3002258.212
6877,5297476.751
6878,145058.2591
6879,3245235.029
6880,1011759.383
6881,1209937.704
6882,22291993.82
6883,39055050.4
6884,4711090.67
6885,2610539.741
6886,6313408.396
6887,34497734.6
6888,55073246.09
6889,2560359.005
6890,2339446.316
6891,40167654.78
6892,47811282.07
6893,68367532.23
6894,23572889.41
6895,378189.0605
6896,266762.3644
6897,113779.7866
6898,24667727.65
6899,10634947.24
6900,24535920.23
6901,27603830.61
6902,6987562.485
6903,10526849.73
6904,97919645.37
6905,36589547.46
6906,39837977.18
6907,22078652.45
6908,14506700.34
6909,648999.2217
6910,6306372.618
6911,16822300.57
6912,19938204.33
6913,81185459.26
6914,246363051.1
6915,15524325.67
6916,17263246.3
6917,264087449.1
6918,60963271.28
6919,185715.6707
6920,58308933.18
6921,40472442.64
6922,16894056.84
6923,461064.8835
6924,97335.41805
6925,13647983.98
6926,15644174.71
6927,590968.0452
6928,22690185.43
6929,64612676.27
6930,49662039.25
6931,17256866.19
6932,4263330.778
6933,529920.7174
6934,38611498.71
6935,242670.2899
6936,13902091.74
6937,34675591.36
6938,4713843.921
6939,3907630.372
6940,156496204.2
6941,33894655.7
6942,2266389.621
6943,709057.0846
6944,37039849.15
6945,4992978.007
6946,42034941.94
6947,5973994.977
6948,24633280.17
6949,44149894.67
6950,96823235.85
6951,731862.4907
6952,15755166.88
6953,31662213.61
6954,3327560.204
6955,31389035.75
6956,1417236.527
6957,1067429.74
6958,2993398.781
6959,5659488.016
6960,18933691.46
6961,36548317.42
6962,67952029.38
6963,15782271.8
6964,48888544.96
6965,1825126.678
6966,59085555.15
6967,29670637.66
6968,5999819.218
6969,3709744.142
6970,22935706.74
6971,43816286.47
6972,236924.4391
6973,20401615.74
6974,34756604.68
6975,2316619.854
6976,22849195.45
6977,419065.4629
6978,1459916.553
6979,53144222.87
6980,13859932.47
6981,747313.6705
6982,6073679.852
6983,198779.5358
6984,41905044.95
6985,81504865.76
6986,20217011.35
6987,2027318.822
6988,1682287.542
6989,2633153.906
6990,42010227.36
6991,764956.737
6992,317081.6709
6993,387457.6123
6994,226019.9702
6995,14873435.76
6996,47640464.24
6997,166073.4314
6998,1003172.045
6999,58985147.63
7000,179525.1143
7001,995259.4151
7002,345262.1251
7003,2992569.139
7004,2382883.265
7005,493436.7826
7006,211998.2945
7007,2797924.775
7008,48570052.38
7009,1302910.538
7010,14032726.64
7011,558880.2377
7012,1130589.152
7013,7778733.666
7014,1295708.483
7015,40536552.16
7016,33438427.83
7017,4327860.26
7018,1293015.093
7019,27379904.49
7020,22808187.1
7021,79427762.6
7022,20282567.08
7023,30700348.85
7024,17000961.8
7025,8582000.367
7026,114187274.1
7027,19288863
7028,808032.843
7029,40352184.58
7030,47215896.62
7031,42578716.71
7032,10069825.22
7033,4085262.924
7034,1308917.288
7035,11708716.35
7036,8953676.699
7037,1319078.579
7038,1752166.907
7039,20464439.61
7040,18182105.18
7041,26240735.73
7042,18033037.31
7043,1191746.682
7044,17311424.58
7045,17747370.73
7046,62728910.53
7047,84176296.81
7048,1944357.851
7049,27514871.66
7050,85570.6301
7051,1263112.074
7052,33629679.65
7053,4234310.046
7054,31273140.51
7055,82191644.01
7056,87993846.31
7057,9765291.454
7058,496430.2773
7059,18397073.59
7060,24552926.77
7061,21756559.96
7062,35595399.25
7063,691028.7737
7064,77088968.39
7065,27261343.12
7066,793108.1417
7067,189356.1339
7068,26812128.53
7069,835985.6775
7070,25026678.75
7071,57730892.51
7072,211875.5426
7073,7561538.229
7074,9391475.071
7075,17884583.46
7076,23901825.38
7077,36981903.69
7078,55709178.14
7079,8748903.064
7080,2982390.556
7081,13218448.74
7082,357208.9458
7083,695260.8227
7084,22131492.47
7085,15818042.41
7086,100288.1758
7087,49002544.22
7088,37848107.41
7089,6106351.543
7090,7983348.046
7091,865214.7387
7092,226245151
7093,26427780.15
7094,34460084.28
7095,2783393.29
7096,46812043.7
7097,47386270.3
7098,40490675.01
7099,61633536.97
7100,13360987.96
7101,52154850.22
7102,180044.7776
7103,8800037.584
7104,3737778.94
7105,58765869.92
7106,27925357.59
7107,35097359.22
7108,1505950.29
7109,23592813.14
7110,601501.9667
7111,705207.0044
7112,108951307.3
7113,58015167.69
7114,21405175.49
7115,1668872.697
7116,1981783.543
7117,126059.5151
7118,18007133.82
7119,41533787.62
7120,2311910.766
7121,7670328.228
7122,1255240.506
7123,689926.6215
7124,110471743.2
7125,326063179.2
7126,485331927
7127,22917052.66
7128,21183413.41
7129,3298177.359
7130,12096613.52
7131,2565323.213
7132,3612214.271
7133,47265673.51
7134,44056697.61
7135,66510175.45
7136,26729432.81
7137,14863007.89
7138,14098342.48
7139,6562812.919
7140,45554076.91
7141,494710.3356
7142,16072135.82
7143,66978754.07
7144,2519642.628
7145,42097599.77
7146,1351776.651
7147,46265774.92
7148,52028230.36
7149,1659036.555
7150,814286.0536
7151,10843012.52
7152,82946014.05
7153,2051331.781
7154,26337519.72
7155,56701610.72
7156,3101808.405
7157,33447878.47
7158,441523.8492
7159,3066893.398
7160,351697.074
7161,20445894.05
7162,133789969.4
7163,32653973.09
7164,985629.7083
7165,104704731.2
7166,19912273.07
7167,672620.5423
7168,1033175.349
7169,1106483.256
7170,3809292.433
7171,38792613.4
7172,2843765.264
7173,508874.797
7174,2453441.094
7175,2073696.753
7176,16112576.83
7177,51239605.91
7178,57450232
7179,41269538.86
7180,147199.5016
7181,1385513.142
7182,28419935.34
7183,68271.91722
7184,606127147.4
7185,1373095.625
7186,23852418.57
7187,90952890.39
7188,42414085.39
7189,23532653.78
7190,12332267.46
7191,111716.6367
7192,29866378.73
7193,1569610.261
7194,129950294.3
7195,14707168.92
7196,34749173.09
7197,10573759.56
7198,2978742.651
7199,2501518.414
7200,47197235.93
7201,526035.6816
7202,18346762.98
7203,382167.8951
7204,32140974.44
7205,62319967.93
7206,45704889.37
7207,148988583
7208,25213780.42
7209,2098536.646
7210,3196621.816
7211,104508.2989
7212,29239432.01
7213,23345747.38
7214,2163789.343
7215,97549450.57
7216,29918375.35
7217,529459.9803
7218,19487021.02
7219,32212081.75
7220,28038341.54
7221,18983051.86
7222,8753177.589
7223,531583.5835
7224,16649451.93
7225,269617.3355
7226,59813025.24
7227,30932006.16
7228,44394931.53
7229,23643311.13
7230,3123053.147
7231,3606292.675
7232,62671732.62
7233,292180546.8
7234,59423718.44
7235,31314270.29
7236,36834544
7237,18453539.19
7238,603830.2387
7239,193551263.6
7240,60531406.89
7241,41525419.82
7242,68800506.57
7243,15090782.83
7244,28976916.95
7245,3338261.618
7246,594483.0649
7247,42269327.17
7248,26591788.21
7249,347581.0812
7250,461116.5739
7251,31548904.88
7252,16865114.13
7253,21471389.12
7254,50701149.38
7255,260155.95
7256,2606505.823
7257,31144710.32
7258,50360504.37
7259,10074292.43
7260,111111.3823
7261,107757563.6
7262,100566.9128
7263,26186159.73
7264,12812690.51
7265,23988677.69
7266,26874947.59
7267,391810.9078
7268,1503896.655
7269,31356830.07
7270,32886339.28
7271,4189862.72
7272,22210674.18
7273,12089430.96
7274,2442164.18
7275,23970111.98
7276,253382.1903
7277,68100361.57
7278,322917967
7279,33448351.33
7280,52619587.73
7281,22474899.87
7282,19282984.79
7283,53826141.87
7284,523777.4544
7285,40609948.39
7286,146443986.4
7287,7727294.545
7288,1776033.82
7289,31687991.56
7290,30050400.19
7291,23931702.55
7292,1692953.135
7293,28242559.17
7294,11560190.77
7295,42722876.06
7296,187510.8277
7297,35633211.61
7298,7848462.397
7299,698713.5068
7300,2454931.147
7301,38621068.38
7302,5397242.173
7303,1522079.781
7304,14953406.75
7305,552277.1475
7306,75507883.96
7307,226202.837
7308,365055.0284
7309,30256407.87
7310,2789289.022
7311,2411416.435
7312,37731991.05
7313,94232456.25
7314,3797748.758
7315,3785155.282
7316,2443916.454
7317,24316712.65
7318,46841000.75
7319,19825592.63
7320,149210052.5
7321,12987.50679
7322,1998122.013
7323,30159621.34
7324,21677578.05
7325,51596570.7
7326,87339222.38
7327,1652722.682
7328,33069574.88
7329,53575189.76
7330,79421512.12
7331,30641354.47
7332,23518966.5
7333,90934725.81
7334,3544634.771
7335,57634277.17
7336,55055170.93
7337,1223319.686
7338,49468831.56
7339,46791109.14
7340,1226662.036
7341,61362.0045
7342,66358360.39
7343,11859711.44
7344,243898.5002
7345,741140.7202
7346,5663787.204
7347,13139888.67
7348,2634276.574
7349,16302014.56
7350,15021799.16
7351,31553545.28
7352,108484.2474
7353,537252.0225
7354,631752.7823
7355,23772722.65
7356,28247825.48
7357,2443097.097
7358,7225196.783
7359,72096181.96
7360,19525789.52
7361,62096.29183
7362,103316073.2
7363,159288162.5
7364,213715.7207
7365,29770212.92
7366,48265767.22
7367,655720.9512
7368,2820673.57
7369,29718998.56
7370,58002122.37
7371,310232.0527
7372,38821441.09
7373,85693129.95
7374,21346356.5
7375,65224167.25
7376,247056.1228
7377,24488425.75
7378,113424798
7379,34624353.82
7380,3004011.061
7381,1043442.802
7382,7184521.6
7383,1355260.936
7384,43645925.87
7385,42320771.06
7386,18116018.19
7387,390966.3018
7388,2007419.789
7389,2636399.152
7390,528885.4478
7391,1342369.05
7392,24789449.29
7393,264598800.4
7394,41133522.71
7395,16725434.59
7396,34836228.87
7397,68753318.75
7398,16085123.04
